{
  "report": {
    "test_summary": {
      "test_time": "2025-09-30T22:38:33.039434",
      "total_rounds": 5,
      "harborai_success_rate": 100.0,
      "agently_success_rate": 100.0
    },
    "harborai_performance": {
      "total_time": 38.749592900276184,
      "avg_time": 7.749918580055237,
      "min_time": 7.161284300033003,
      "max_time": 8.969674800056964,
      "std_time": 0.7103546996660055,
      "step_analysis": {}
    },
    "agently_performance": {
      "total_time": 36.30858949990943,
      "avg_time": 7.261717899981886,
      "min_time": 6.193040800048038,
      "max_time": 8.563224399928004,
      "std_time": 0.8454998165116505,
      "step_analysis": {}
    },
    "performance_comparison": {
      "harborai_avg_time": 7.749918580055237,
      "agently_avg_time": 7.261717899981886,
      "time_difference": 0.4882006800733505,
      "harborai_slower_by_factor": 1.0672293645660027,
      "harborai_slower_by_percentage": 6.72293645660028
    }
  },
  "bottlenecks": [],
  "recommendations": [
    {
      "priority": "中",
      "category": "监控优化",
      "title": "添加生产环境性能监控",
      "description": "建立持续的性能监控体系",
      "specific_actions": [
        "添加关键步骤的耗时监控",
        "设置性能告警阈值",
        "定期进行性能基准测试",
        "建立性能回归检测"
      ]
    }
  ],
  "raw_metrics": {
    "harborai": [],
    "agently": []
  }
}