{
  "timestamp": 1759232528.2357273,
  "harborai_avg_time": 11.687566833260158,
  "agently_avg_time": 3.844726433356603,
  "performance_ratio": 3.0398955649638864,
  "test_mode": "FAST",
  "optimization_status": "未优化"
}